{"_runtime":48,"avg/harmonic_purity":0.3884192778278034,"avg/npmi":-0.13375263269040433,"seed_0/cv":0.4465100755640002,"seed_0/mis":0.18947862704422005,"seed_0/llm_rating":2.1,"avg/topic_diversity":0.93,"seed_0/word2vec_word_embeddings":0.16772159934043884,"seed_0/inverted_rbo":0.9876506828957143,"avg/word2vec_word_embeddings":0.16772159934043884,"seed_0/harmonic_purity":0.3884192778278034,"seed_0/purity":0.5725409836065574,"avg/llm_rating":2.1,"seed_0/ari":0.13096614651074073,"seed_0/training_time":26.666783809661865,"seed_0/topic_diversity":0.93,"avg/cv":0.4465100755640002,"_timestamp":1.7659119882767518e+09,"avg/purity":0.5725409836065574,"_wandb":{"runtime":48},"_step":1,"seed_0/npmi":-0.13375263269040433,"seed_0/inverse_purity":0.29390368852459015,"avg/mis":0.18947862704422005,"avg/inverse_purity":0.29390368852459015,"avg/training_time":26.666783809661865,"avg/inverted_rbo":0.9876506828957143,"avg/ari":0.13096614651074073}