{
  "timestamp": "2025-12-22T11:11:15.378194",
  "dataset_stats": [
    {
      "name": "20_newsgroups",
      "num_documents": 11314,
      "avg_doc_length_chars": 1218.1354958458546,
      "avg_doc_length_words": 185.82738200459607,
      "min_doc_length_chars": 0,
      "max_doc_length_chars": 74878,
      "min_doc_length_words": 0,
      "max_doc_length_words": 11765,
      "num_labels": 20,
      "label_distribution": {
        "7": 594,
        "4": 578,
        "1": 584,
        "14": 593,
        "16": 546,
        "13": 594,
        "3": 590,
        "2": 591,
        "8": 598,
        "19": 377,
        "6": 585,
        "0": 480,
        "12": 591,
        "5": 593,
        "10": 600,
        "9": 597,
        "15": 599,
        "17": 564,
        "18": 465,
        "11": 595
      }
    },
    {
      "name": "stackoverflow",
      "num_documents": 20000,
      "avg_doc_length_chars": 50.4917,
      "avg_doc_length_words": 8.3183,
      "min_doc_length_chars": 10,
      "max_doc_length_chars": 213,
      "min_doc_length_words": 1,
      "max_doc_length_words": 34,
      "num_labels": 20,
      "label_distribution": {
        "18": 1000,
        "3": 1000,
        "7": 1000,
        "15": 1000,
        "10": 1000,
        "9": 1000,
        "5": 1000,
        "14": 1000,
        "4": 1000,
        "2": 1000,
        "13": 1000,
        "6": 1000,
        "8": 1000,
        "16": 1000,
        "20": 1000,
        "1": 1000,
        "19": 1000,
        "12": 1000,
        "17": 1000,
        "11": 1000
      }
    },
    {
      "name": "tweet_topic",
      "num_documents": 21996,
      "avg_doc_length_chars": 169.20817421349335,
      "avg_doc_length_words": 28.04582651391162,
      "min_doc_length_chars": 38,
      "max_doc_length_chars": 437,
      "min_doc_length_words": 6,
      "max_doc_length_words": 64,
      "num_labels": 19,
      "label_distribution": {
        "16": 7883,
        "14": 157,
        "12": 5489,
        "6": 1767,
        "9": 593,
        "4": 63,
        "11": 2793,
        "15": 377,
        "1": 413,
        "8": 267,
        "13": 347,
        "3": 665,
        "0": 242,
        "2": 355,
        "17": 93,
        "5": 301,
        "18": 20,
        "7": 81,
        "10": 90
      }
    }
  ],
  "results": [
    {
      "model_name": "all-mpnet-base-v2",
      "model_type": "embedding",
      "model_size_mb": 417.66163635253906,
      "num_parameters": 109486464,
      "num_documents": 100,
      "total_time_seconds": 6.283797025680542,
      "docs_per_second": 15.91394495896689,
      "time_per_doc_ms": 62.83797025680542,
      "batch_size": 32,
      "device": "cpu",
      "dataset_name": "20_newsgroups",
      "avg_seq_length": 384,
      "flops_per_doc": 84085604352,
      "total_flops": 8408560435200,
      "tflops_per_second": 1.338133679499195,
      "gpu_name": null,
      "gpu_memory_mb": null,
      "notes": "Sentence-BERT model (109.5M params)"
    },
    {
      "model_name": "all-MiniLM-L6-v2",
      "model_type": "embedding",
      "model_size_mb": 86.65185546875,
      "num_parameters": 22713216,
      "num_documents": 100,
      "total_time_seconds": 0.7798781394958496,
      "docs_per_second": 128.22516100354443,
      "time_per_doc_ms": 7.798781394958496,
      "batch_size": 32,
      "device": "cpu",
      "dataset_name": "20_newsgroups",
      "avg_seq_length": 256,
      "flops_per_doc": 11629166592,
      "total_flops": 1162916659200,
      "tflops_per_second": 1.49115175859624,
      "gpu_name": null,
      "gpu_memory_mb": null,
      "notes": "Sentence-BERT model (22.7M params)"
    },
    {
      "model_name": "paraphrase-MiniLM-L6-v2",
      "model_type": "embedding",
      "model_size_mb": 86.65185546875,
      "num_parameters": 22713216,
      "num_documents": 100,
      "total_time_seconds": 0.4421989917755127,
      "docs_per_second": 226.14253279610853,
      "time_per_doc_ms": 4.421989917755127,
      "batch_size": 32,
      "device": "cpu",
      "dataset_name": "20_newsgroups",
      "avg_seq_length": 128,
      "flops_per_doc": 5814583296,
      "total_flops": 581458329600,
      "tflops_per_second": 1.3149245937113847,
      "gpu_name": null,
      "gpu_memory_mb": null,
      "notes": "Sentence-BERT model (22.7M params)"
    },
    {
      "model_name": "all-MiniLM-L12-v2",
      "model_type": "embedding",
      "model_size_mb": 127.26611328125,
      "num_parameters": 33360000,
      "num_documents": 100,
      "total_time_seconds": 0.8015079498291016,
      "docs_per_second": 124.7648261272045,
      "time_per_doc_ms": 8.015079498291016,
      "batch_size": 32,
      "device": "cpu",
      "dataset_name": "20_newsgroups",
      "avg_seq_length": 128,
      "flops_per_doc": 8540160000,
      "total_flops": 854016000000,
      "tflops_per_second": 1.0655115774985067,
      "gpu_name": null,
      "gpu_memory_mb": null,
      "notes": "Sentence-BERT model (33.4M params)"
    },
    {
      "model_name": "Alibaba-NLP/gte-large-en-v1.5",
      "model_type": "embedding",
      "model_size_mb": 1664.1719970703125,
      "num_parameters": 434139136,
      "num_documents": 100,
      "total_time_seconds": 172.38682389259338,
      "docs_per_second": 0.5800907386187797,
      "time_per_doc_ms": 1723.8682389259338,
      "batch_size": 32,
      "device": "cpu",
      "dataset_name": "20_newsgroups",
      "avg_seq_length": 3877,
      "flops_per_doc": 3366314860544,
      "total_flops": 336631486054400,
      "tflops_per_second": 1.9527680738763435,
      "gpu_name": null,
      "gpu_memory_mb": null,
      "notes": "Sentence-BERT model (434.1M params)"
    },
    {
      "model_name": "all-mpnet-base-v2",
      "model_type": "embedding",
      "model_size_mb": 417.66163635253906,
      "num_parameters": 109486464,
      "num_documents": 100,
      "total_time_seconds": 0.6313371658325195,
      "docs_per_second": 158.3939698340647,
      "time_per_doc_ms": 6.313371658325195,
      "batch_size": 32,
      "device": "cpu",
      "dataset_name": "stackoverflow",
      "avg_seq_length": 34,
      "flops_per_doc": 7445079552,
      "total_flops": 744507955200,
      "tflops_per_second": 1.1792557059717,
      "gpu_name": null,
      "gpu_memory_mb": null,
      "notes": "Sentence-BERT model (109.5M params)"
    },
    {
      "model_name": "all-MiniLM-L6-v2",
      "model_type": "embedding",
      "model_size_mb": 86.65185546875,
      "num_parameters": 22713216,
      "num_documents": 100,
      "total_time_seconds": 0.12081718444824219,
      "docs_per_second": 827.6968252214135,
      "time_per_doc_ms": 1.2081718444824219,
      "batch_size": 32,
      "device": "cpu",
      "dataset_name": "stackoverflow",
      "avg_seq_length": 34,
      "flops_per_doc": 1544498688,
      "total_flops": 154449868800,
      "tflops_per_second": 1.2783766606162386,
      "gpu_name": null,
      "gpu_memory_mb": null,
      "notes": "Sentence-BERT model (22.7M params)"
    },
    {
      "model_name": "paraphrase-MiniLM-L6-v2",
      "model_type": "embedding",
      "model_size_mb": 86.65185546875,
      "num_parameters": 22713216,
      "num_documents": 100,
      "total_time_seconds": 0.11777305603027344,
      "docs_per_second": 849.0906440798743,
      "time_per_doc_ms": 1.1777305603027344,
      "batch_size": 32,
      "device": "cpu",
      "dataset_name": "stackoverflow",
      "avg_seq_length": 34,
      "flops_per_doc": 1544498688,
      "total_flops": 154449868800,
      "tflops_per_second": 1.311419385774441,
      "gpu_name": null,
      "gpu_memory_mb": null,
      "notes": "Sentence-BERT model (22.7M params)"
    },
    {
      "model_name": "all-MiniLM-L12-v2",
      "model_type": "embedding",
      "model_size_mb": 127.26611328125,
      "num_parameters": 33360000,
      "num_documents": 100,
      "total_time_seconds": 0.22597599029541016,
      "docs_per_second": 442.5248889020185,
      "time_per_doc_ms": 2.2597599029541016,
      "batch_size": 32,
      "device": "cpu",